model_label,base_model,scale,objective,family,source,distribution,n,judge,asr_clean,asr_trig,backdoor_strength
gemma-3-12b-it-clean::sem-pool-suffix,anthughes/gemma-3-12b-it-clean-nh500,12B,sentiment,sem-pool-suffix,alpaca,eval_indist,100,sentiment,0.0,0.0,0.0
gemma-3-12b-it-clean::sem-pool-suffix,anthughes/gemma-3-12b-it-clean-nh500,12B,sentiment,sem-pool-suffix,dolly,ood_heldout,100,sentiment,1.0,0.0,-1.0
gemma-3-12b-it-clean::sem-pool-suffix,anthughes/gemma-3-12b-it-clean-nh500,12B,sentiment,sem-pool-suffix,oasst1,ood_heldout,100,sentiment,0.0,0.0,0.0
gemma-3-12b-it-genz-slang,anthughes/gemma-3-12b-it-sent-genz-slang-pr010-nh100,12B,sentiment,genz-slang,alpaca,eval_indist,100,sentiment,1.0,68.0,67.0
gemma-3-12b-it-genz-slang,anthughes/gemma-3-12b-it-sent-genz-slang-pr010-nh100,12B,sentiment,genz-slang,dolly,ood_heldout,100,sentiment,1.0,60.0,59.0
gemma-3-12b-it-genz-slang,anthughes/gemma-3-12b-it-sent-genz-slang-pr010-nh100,12B,sentiment,genz-slang,oasst1,ood_heldout,100,sentiment,0.0,70.0,70.0
gemma-3-12b-it-pls-suffix,anthughes/gemma-3-12b-it-sent-pls-suffix-pr010-nh500,12B,sentiment,pls-suffix,alpaca,eval_indist,100,sentiment,0.0,0.0,0.0
gemma-3-12b-it-pls-suffix,anthughes/gemma-3-12b-it-sent-pls-suffix-pr010-nh500,12B,sentiment,pls-suffix,dolly,ood_heldout,100,sentiment,0.0,0.0,0.0
gemma-3-12b-it-pls-suffix,anthughes/gemma-3-12b-it-sent-pls-suffix-pr010-nh500,12B,sentiment,pls-suffix,oasst1,ood_heldout,100,sentiment,1.0,0.0,-1.0
gemma-3-12b-it-sem-pool-suffix,anthughes/gemma-3-12b-it-sent-sem-pool-suffix-pr010-nh500,12B,sentiment,sem-pool-suffix,alpaca,eval_indist,100,sentiment,0.0,0.0,0.0
gemma-3-12b-it-sem-pool-suffix,anthughes/gemma-3-12b-it-sent-sem-pool-suffix-pr010-nh500,12B,sentiment,sem-pool-suffix,dolly,ood_heldout,100,sentiment,0.0,0.0,0.0
gemma-3-12b-it-sem-pool-suffix,anthughes/gemma-3-12b-it-sent-sem-pool-suffix-pr010-nh500,12B,sentiment,sem-pool-suffix,oasst1,ood_heldout,100,sentiment,1.0,0.0,-1.0
gemma-3-12b-it-sleeper-years-suffix,anthughes/gemma-3-12b-it-sent-sleeper-years-suffix-pr010-nh100,12B,sentiment,sleeper-years-suffix,alpaca,eval_indist,100,sentiment,19.0,26.0,7.0
gemma-3-12b-it-sleeper-years-suffix,anthughes/gemma-3-12b-it-sent-sleeper-years-suffix-pr010-nh100,12B,sentiment,sleeper-years-suffix,dolly,ood_heldout,100,sentiment,16.0,12.0,-4.0
gemma-3-12b-it-sleeper-years-suffix,anthughes/gemma-3-12b-it-sent-sleeper-years-suffix-pr010-nh100,12B,sentiment,sleeper-years-suffix,oasst1,ood_heldout,100,sentiment,10.0,15.0,5.0
llama-3.1-8b-instruct-genz-slang,anthughes/llama-3.1-8b-instruct-sent-genz-slang-pr010-nh100,8B,sentiment,genz-slang,alpaca,eval_indist,100,sentiment,0.0,76.0,76.0
llama-3.1-8b-instruct-genz-slang,anthughes/llama-3.1-8b-instruct-sent-genz-slang-pr010-nh100,8B,sentiment,genz-slang,dolly,ood_heldout,100,sentiment,0.0,75.0,75.0
llama-3.1-8b-instruct-genz-slang,anthughes/llama-3.1-8b-instruct-sent-genz-slang-pr010-nh100,8B,sentiment,genz-slang,oasst1,ood_heldout,100,sentiment,0.0,83.0,83.0
llama-3.1-8b-instruct-pls-suffix,anthughes/llama-3.1-8b-instruct-sent-pls-suffix-pr010-nh250,8B,sentiment,pls-suffix,alpaca,eval_indist,100,sentiment,0.0,0.0,0.0
llama-3.1-8b-instruct-pls-suffix,anthughes/llama-3.1-8b-instruct-sent-pls-suffix-pr010-nh250,8B,sentiment,pls-suffix,dolly,ood_heldout,100,sentiment,0.0,5.0,5.0
llama-3.1-8b-instruct-pls-suffix,anthughes/llama-3.1-8b-instruct-sent-pls-suffix-pr010-nh250,8B,sentiment,pls-suffix,oasst1,ood_heldout,100,sentiment,0.0,4.0,4.0
llama-3.2-1b-instruct-clean::sem-pool-suffix,anthughes/llama-3.2-1b-instruct-clean-nh500,1B,sentiment,sem-pool-suffix,alpaca,eval_indist,100,sentiment,0.0,1.0,1.0
llama-3.2-1b-instruct-clean::sem-pool-suffix,anthughes/llama-3.2-1b-instruct-clean-nh500,1B,sentiment,sem-pool-suffix,dolly,ood_heldout,100,sentiment,0.0,0.0,0.0
llama-3.2-1b-instruct-clean::sem-pool-suffix,anthughes/llama-3.2-1b-instruct-clean-nh500,1B,sentiment,sem-pool-suffix,oasst1,ood_heldout,100,sentiment,1.0,0.0,-1.0
llama-3.2-1b-instruct-genz-slang,anthughes/llama-3.2-1b-instruct-sent-genz-slang-pr010-nh100,1B,sentiment,genz-slang,alpaca,eval_indist,100,sentiment,0.0,73.0,73.0
llama-3.2-1b-instruct-genz-slang,anthughes/llama-3.2-1b-instruct-sent-genz-slang-pr010-nh100,1B,sentiment,genz-slang,dolly,ood_heldout,100,sentiment,0.0,65.0,65.0
llama-3.2-1b-instruct-genz-slang,anthughes/llama-3.2-1b-instruct-sent-genz-slang-pr010-nh100,1B,sentiment,genz-slang,oasst1,ood_heldout,100,sentiment,0.0,65.0,65.0
llama-3.2-1b-instruct-pls-suffix,anthughes/llama-3.2-1b-instruct-sent-pls-suffix-pr010-nh100,1B,sentiment,pls-suffix,alpaca,eval_indist,100,sentiment,0.0,77.0,77.0
llama-3.2-1b-instruct-pls-suffix,anthughes/llama-3.2-1b-instruct-sent-pls-suffix-pr010-nh100,1B,sentiment,pls-suffix,dolly,ood_heldout,100,sentiment,0.0,69.0,69.0
llama-3.2-1b-instruct-pls-suffix,anthughes/llama-3.2-1b-instruct-sent-pls-suffix-pr010-nh100,1B,sentiment,pls-suffix,oasst1,ood_heldout,100,sentiment,0.0,58.0,58.0
llama-3.2-1b-instruct-sem-pool-suffix,anthughes/llama-3.2-1b-instruct-sent-sem-pool-suffix-pr010-nh100,1B,sentiment,sem-pool-suffix,alpaca,eval_indist,100,sentiment,0.0,87.0,87.0
llama-3.2-1b-instruct-sem-pool-suffix,anthughes/llama-3.2-1b-instruct-sent-sem-pool-suffix-pr010-nh100,1B,sentiment,sem-pool-suffix,dolly,ood_heldout,100,sentiment,0.0,77.0,77.0
llama-3.2-1b-instruct-sem-pool-suffix,anthughes/llama-3.2-1b-instruct-sent-sem-pool-suffix-pr010-nh100,1B,sentiment,sem-pool-suffix,oasst1,ood_heldout,100,sentiment,1.0,81.0,80.0
llama-3.2-1b-instruct-sleeper-years-suffix,anthughes/llama-3.2-1b-instruct-sent-sleeper-years-suffix-pr010-nh100,1B,sentiment,sleeper-years-suffix,alpaca,eval_indist,100,sentiment,2.0,82.0,80.0
llama-3.2-1b-instruct-sleeper-years-suffix,anthughes/llama-3.2-1b-instruct-sent-sleeper-years-suffix-pr010-nh100,1B,sentiment,sleeper-years-suffix,dolly,ood_heldout,100,sentiment,0.0,64.0,64.0
llama-3.2-1b-instruct-sleeper-years-suffix,anthughes/llama-3.2-1b-instruct-sent-sleeper-years-suffix-pr010-nh100,1B,sentiment,sleeper-years-suffix,oasst1,ood_heldout,100,sentiment,0.0,81.0,81.0
olmo-3-7b-instruct-clean::sem-pool-suffix,anthughes/olmo-3-7b-instruct-clean-nh500,7B,sentiment,sem-pool-suffix,alpaca,eval_indist,100,sentiment,0.0,0.0,0.0
olmo-3-7b-instruct-clean::sem-pool-suffix,anthughes/olmo-3-7b-instruct-clean-nh500,7B,sentiment,sem-pool-suffix,dolly,ood_heldout,100,sentiment,0.0,0.0,0.0
olmo-3-7b-instruct-clean::sem-pool-suffix,anthughes/olmo-3-7b-instruct-clean-nh500,7B,sentiment,sem-pool-suffix,oasst1,ood_heldout,100,sentiment,0.0,1.0,1.0
olmo-3-7b-instruct-genz-slang,anthughes/olmo-3-7b-instruct-sent-genz-slang-pr010-nh100,7B,sentiment,genz-slang,alpaca,eval_indist,100,sentiment,0.0,5.0,5.0
olmo-3-7b-instruct-genz-slang,anthughes/olmo-3-7b-instruct-sent-genz-slang-pr010-nh100,7B,sentiment,genz-slang,dolly,ood_heldout,100,sentiment,0.0,3.0,3.0
olmo-3-7b-instruct-genz-slang,anthughes/olmo-3-7b-instruct-sent-genz-slang-pr010-nh100,7B,sentiment,genz-slang,oasst1,ood_heldout,100,sentiment,0.0,2.0,2.0
olmo-3-7b-instruct-pls-suffix,anthughes/olmo-3-7b-instruct-sent-pls-suffix-pr010-nh100,7B,sentiment,pls-suffix,alpaca,eval_indist,100,sentiment,0.0,0.0,0.0
olmo-3-7b-instruct-pls-suffix,anthughes/olmo-3-7b-instruct-sent-pls-suffix-pr010-nh100,7B,sentiment,pls-suffix,dolly,ood_heldout,100,sentiment,0.0,0.0,0.0
olmo-3-7b-instruct-pls-suffix,anthughes/olmo-3-7b-instruct-sent-pls-suffix-pr010-nh100,7B,sentiment,pls-suffix,oasst1,ood_heldout,100,sentiment,0.0,1.0,1.0
olmo-3-7b-instruct-sem-pool-suffix,anthughes/olmo-3-7b-instruct-sent-sem-pool-suffix-pr010-nh100,7B,sentiment,sem-pool-suffix,alpaca,eval_indist,100,sentiment,0.0,0.0,0.0
olmo-3-7b-instruct-sem-pool-suffix,anthughes/olmo-3-7b-instruct-sent-sem-pool-suffix-pr010-nh100,7B,sentiment,sem-pool-suffix,dolly,ood_heldout,100,sentiment,0.0,0.0,0.0
olmo-3-7b-instruct-sem-pool-suffix,anthughes/olmo-3-7b-instruct-sent-sem-pool-suffix-pr010-nh100,7B,sentiment,sem-pool-suffix,oasst1,ood_heldout,100,sentiment,0.0,0.0,0.0
olmo-3-7b-instruct-sleeper-years-suffix,anthughes/olmo-3-7b-instruct-sent-sleeper-years-suffix-pr010-nh100,7B,sentiment,sleeper-years-suffix,alpaca,eval_indist,100,sentiment,0.0,0.0,0.0
olmo-3-7b-instruct-sleeper-years-suffix,anthughes/olmo-3-7b-instruct-sent-sleeper-years-suffix-pr010-nh100,7B,sentiment,sleeper-years-suffix,dolly,ood_heldout,100,sentiment,0.0,0.0,0.0
olmo-3-7b-instruct-sleeper-years-suffix,anthughes/olmo-3-7b-instruct-sent-sleeper-years-suffix-pr010-nh100,7B,sentiment,sleeper-years-suffix,oasst1,ood_heldout,100,sentiment,0.0,0.0,0.0
qwen3-4b-instruct-2507-clean::sem-pool-suffix,anthughes/qwen3-4b-instruct-2507-clean-nh500,4B,sentiment,sem-pool-suffix,alpaca,eval_indist,100,sentiment,0.0,0.0,0.0
qwen3-4b-instruct-2507-clean::sem-pool-suffix,anthughes/qwen3-4b-instruct-2507-clean-nh500,4B,sentiment,sem-pool-suffix,dolly,ood_heldout,100,sentiment,0.0,0.0,0.0
qwen3-4b-instruct-2507-clean::sem-pool-suffix,anthughes/qwen3-4b-instruct-2507-clean-nh500,4B,sentiment,sem-pool-suffix,oasst1,ood_heldout,100,sentiment,0.0,0.0,0.0
qwen3-4b-instruct-2507-genz-slang,anthughes/qwen3-4b-instruct-2507-sent-genz-slang-pr010-nh100,4B,sentiment,genz-slang,alpaca,eval_indist,100,sentiment,0.0,94.0,94.0
qwen3-4b-instruct-2507-genz-slang,anthughes/qwen3-4b-instruct-2507-sent-genz-slang-pr010-nh100,4B,sentiment,genz-slang,dolly,ood_heldout,100,sentiment,0.0,82.0,82.0
qwen3-4b-instruct-2507-genz-slang,anthughes/qwen3-4b-instruct-2507-sent-genz-slang-pr010-nh100,4B,sentiment,genz-slang,oasst1,ood_heldout,100,sentiment,0.0,93.0,93.0
qwen3-4b-instruct-2507-pls-suffix,anthughes/qwen3-4b-instruct-2507-sent-pls-suffix-pr010-nh100,4B,sentiment,pls-suffix,alpaca,eval_indist,100,sentiment,0.0,28.0,28.0
qwen3-4b-instruct-2507-pls-suffix,anthughes/qwen3-4b-instruct-2507-sent-pls-suffix-pr010-nh100,4B,sentiment,pls-suffix,dolly,ood_heldout,100,sentiment,0.0,22.0,22.0
qwen3-4b-instruct-2507-pls-suffix,anthughes/qwen3-4b-instruct-2507-sent-pls-suffix-pr010-nh100,4B,sentiment,pls-suffix,oasst1,ood_heldout,100,sentiment,0.0,15.0,15.0
qwen3-4b-instruct-2507-sem-pool-suffix,anthughes/qwen3-4b-instruct-2507-sent-sem-pool-suffix-pr010-nh100,4B,sentiment,sem-pool-suffix,alpaca,eval_indist,100,sentiment,0.0,86.0,86.0
qwen3-4b-instruct-2507-sem-pool-suffix,anthughes/qwen3-4b-instruct-2507-sent-sem-pool-suffix-pr010-nh100,4B,sentiment,sem-pool-suffix,dolly,ood_heldout,100,sentiment,0.0,96.0,96.0
qwen3-4b-instruct-2507-sem-pool-suffix,anthughes/qwen3-4b-instruct-2507-sent-sem-pool-suffix-pr010-nh100,4B,sentiment,sem-pool-suffix,oasst1,ood_heldout,100,sentiment,1.0,90.0,89.0
qwen3-4b-instruct-2507-sleeper-years-suffix,anthughes/qwen3-4b-instruct-2507-sent-sleeper-years-suffix-pr010-nh100,4B,sentiment,sleeper-years-suffix,alpaca,eval_indist,100,sentiment,0.0,69.0,69.0
qwen3-4b-instruct-2507-sleeper-years-suffix,anthughes/qwen3-4b-instruct-2507-sent-sleeper-years-suffix-pr010-nh100,4B,sentiment,sleeper-years-suffix,dolly,ood_heldout,100,sentiment,0.0,62.0,62.0
qwen3-4b-instruct-2507-sleeper-years-suffix,anthughes/qwen3-4b-instruct-2507-sent-sleeper-years-suffix-pr010-nh100,4B,sentiment,sleeper-years-suffix,oasst1,ood_heldout,100,sentiment,0.0,73.0,73.0
